{
    "startLogs": {
        "id": "1081257626253393940",
        "token": "wGf0YV3M3Qfn-nkCEnlvXDoiaWZo39reySqOsoBr5ksdikeBODxV-Oc1jCyvphgyNzZW"
    },
    "shardLogs": {
        "id": "1081257626253393940",
        "token": "wGf0YV3M3Qfn-nkCEnlvXDoiaWZo39reySqOsoBr5ksdikeBODxV-Oc1jCyvphgyNzZW"
    },
    "errorLogs": {
        "id": "1081257626253393940",
        "token": "wGf0YV3M3Qfn-nkCEnlvXDoiaWZo39reySqOsoBr5ksdikeBODxV-Oc1jCyvphgyNzZW"
    },
    "dmLogs": {
        "id": "1081257626253393940",
        "token": "wGf0YV3M3Qfn-nkCEnlvXDoiaWZo39reySqOsoBr5ksdikeBODxV-Oc1jCyvphgyNzZW"
    },
    "voiceLogs": {
        "id": "1081257626253393940",
        "token": "wGf0YV3M3Qfn-nkCEnlvXDoiaWZo39reySqOsoBr5ksdikeBODxV-Oc1jCyvphgyNzZW"
    },
    "serverLogs": {
        "id": "1081257626253393940",
        "token": "wGf0YV3M3Qfn-nkCEnlvXDoiaWZo39reySqOsoBr5ksdikeBODxV-Oc1jCyvphgyNzZW"
    },
    "serverLogs2": {
        "id": "1081257626253393940",
        "token": "wGf0YV3M3Qfn-nkCEnlvXDoiaWZo39reySqOsoBr5ksdikeBODxV-Oc1jCyvphgyNzZW"
    },
    "commandLogs": {
        "id": "1081257626253393940",
        "token": "wGf0YV3M3Qfn-nkCEnlvXDoiaWZo39reySqOsoBr5ksdikeBODxV-Oc1jCyvphgyNzZW"
    },
    "consoleLogs": {
        "id": "1081257626253393940",
        "token": "wGf0YV3M3Qfn-nkCEnlvXDoiaWZo39reySqOsoBr5ksdikeBODxV-Oc1jCyvphgyNzZW"
    },
    "warnLogs": {
        "id": "1081257626253393940",
        "token": "wGf0YV3M3Qfn-nkCEnlvXDoiaWZo39reySqOsoBr5ksdikeBODxV-Oc1jCyvphgyNzZW"
    },
    "voiceErrorLogs": {
        "id": "1081257626253393940",
        "token": "wGf0YV3M3Qfn-nkCEnlvXDoiaWZo39reySqOsoBr5ksdikeBODxV-Oc1jCyvphgyNzZW"
    },
    "creditLogs": {
        "id": "1081257626253393940",
        "token": "wGf0YV3M3Qfn-nkCEnlvXDoiaWZo39reySqOsoBr5ksdikeBODxV-Oc1jCyvphgyNzZW"
    },
    "evalLogs": {
        "id": "1081257626253393940",
        "token": "wGf0YV3M3Qfn-nkCEnlvXDoiaWZo39reySqOsoBr5ksdikeBODxV-Oc1jCyvphgyNzZW"
    },
    "interactionLogs": {
        "id": "1081257626253393940",
        "token": "wGf0YV3M3Qfn-nkCEnlvXDoiaWZo39reySqOsoBr5ksdikeBODxV-Oc1jCyvphgyNzZW"
    },
    "bugReportLogs": {
        "id": "1081257397659639818",
        "token": "c6q2M0CrI1boGqmkkxqIT6M3154ReV3sSXNNdj5q4-9Vnx2GnW0dfoW0cQQZZWXGiXQS"
    }
}